0,0,0
0.001001001001001,0.00563273077700225,-0.00543278107755305
0.002002002002002,0.00797973607814364,-0.00758033768074724
0.003003003003003,0.00978565168580429,-0.0091873055919627
0.004004004004004,0.0113111762575629,-0.0105143834687781
0.005005005005005,0.0126572870110231,-0.0116625485287972
0.00600600600600601,0.0138757702929306,-0.0126835871187655
0.00700700700700701,0.0149973891431173,-0.0136082622785149
0.00800800800800801,0.0160421871879087,-0.0144566176343711
0.00900900900900901,0.0170240867015728,-0.0152425754606021
0.01001001001001,0.0179532243982516,-0.0159762724713497
0.011011011011011,0.0188372527086159,-0.0166653610972849
0.012012012012012,0.019682116863976,-0.0173157865697178
0.013013013013013,0.0204925448628619,-0.0179322768871785
0.014014014014014,0.0212723702250108,-0.0185186655694042
0.015015015015015,0.0220247524019355,-0.0190781120679078
0.016016016016016,0.0227523319168874,-0.0196132569059405
0.017017017017017,0.0234573424098524,-0.0201263337234883
0.018018018018018,0.024141693373766,-0.0206192520134868
0.019019019019019,0.0248070324407115,-0.0210936594080191
0.02002002002002,0.0254547930762602,-0.0215509893726567
0.021021021021021,0.0260862316544742,-0.0219924982814616
0.022022022022022,0.0267024566679225,-0.0224192946270027
0.023023023023023,0.0273044520205949,-0.02283236231327
0.024024024024024,0.0278930958059074,-0.0232325794336793
0.025025025025025,0.0284691755954374,-0.0236207335598081
0.026026026026026,0.0290334009995489,-0.0239975343020205
0.027027027027027,0.0295864140722875,-0.024363623714362
0.028028028028028,0.030128797996195,-0.0247195849793743
0.029029029029029,0.0306610843823184,-0.0250659497081047
0.03003003003003,0.0311837594460897,-0.0254032041159849
0.031031031031031,0.0316972692636699,-0.0257317942791759
0.032032032032032,0.0322020242707526,-0.0260521306333715
0.033033033033033,0.0326984031331357,-0.0263645918443695
0.034034034034034,0.0331867560930671,-0.0266695281544178
0.035035035035035,0.0336674078756149,-0.0269672642885844
0.036036036036036,0.0341406602237619,-0.0272581019898523
0.037037037037037,0.0346067941185981,-0.0275423222393114
0.038038038038038,0.0350660717311365,-0.0278201872079747
0.039039039039039,0.0355187381443692,-0.0280919419788343
0.04004004004004,0.0359650228777792,-0.0283578160713732
0.041041041041041,0.0364051412413163,-0.0286180247955412
0.042042042042042,0.0368392955415905,-0.0288727704579483
0.043043043043043,0.0372676761595289,-0.0291222434395216
0.044044044044044,0.0376904625158524,-0.029366623160982
0.045045045045045,0.0381078239383213,-0.0296060789500898
0.046046046046046,0.0385199204426955,-0.0298407708226049
0.047047047047047,0.0389269034376763,-0.0300708501872287
0.048048048048048,0.0393289163626805,-0.0302964604833778
0.049049049049049,0.0397260952661078,-0.030517737759452
0.0500500500500501,0.0401185693307505,-0.0307348111982436
0.0510510510510511,0.0405064613521311,-0.0309478035952752
0.0520520520520521,0.0408898881748239,-0.0311568317951209
0.0530530530530531,0.0412689610911832,-0.0313620070901352
0.0540540540540541,0.0416437862063638,-0.0315634355854726
0.0550550550550551,0.042014464773051,-0.0317612185338188
0.0560560560560561,0.0423810934989187,-0.0319554526428474
0.0570570570570571,0.0427437648294804,-0.032146230358072
0.0580580580580581,0.0431025672087003,-0.0323336401234569
0.0590590590590591,0.0434575853194637,-0.0325177666218873
0.0600600600600601,0.0438089003057778,-0.0326986909973703
0.0610610610610611,0.0441565899783702,-0.0328764910606336
0.0620620620620621,0.0445007290051771,-0.0330512414796135
0.0630630630630631,0.0448413890880574,-0.0332230139561687
0.0640640640640641,0.0451786391269283,-0.0333918773902166
0.0650650650650651,0.0455125453724031,-0.0335578980323704
0.0660660660660661,0.0458431715678968,-0.0337211396260451
0.0670670670670671,0.0461705790820777,-0.0338816635399089
0.0680680680680681,0.0464948270324515,-0.0340395288914677
0.0690690690690691,0.046815972400796,-0.0341947926624991
0.0700700700700701,0.0471340701410905,-0.0343475098069826
0.0710710710710711,0.0474491732805304,-0.0344977333521135
0.0720720720720721,0.0477613330141598,-0.0346455144929358
0.0730730730730731,0.0480705987936068,-0.0347909026810779
0.0740740740740741,0.0483770184103677,-0.0349339457080357
0.0750750750750751,0.0486806380740403,-0.0350746897834073
0.0760760760760761,0.048981502485878,-0.035213179608446
0.0770770770770771,0.0492796549080018,-0.0353494584452729
0.0780780780780781,0.0495751372285786,-0.0354835681820546
0.0790790790790791,0.0498679900232501,-0.0356155493944331
0.0800800800800801,0.0501582526130731,-0.0357454414034651
0.0810810810810811,0.0504459631192088,-0.0358732823303118
0.0820820820820821,0.050731158514583,-0.035999109147899
0.0830830830830831,0.0510138746727182,-0.0361229577297492
0.0840840840840841,0.0512941464139258,-0.0362448628961738
0.0850850850850851,0.05157200754903,-0.036364858457997
0.0860860860860861,0.051847490920783,-0.036482977257971
0.0870870870870871,0.0521206284431183,-0.0365992512100293
0.0880880880880881,0.0523914511383794,-0.0367137113365154
0.0890890890890891,0.052659989172649,-0.0368263878035121
0.0900900900900901,0.0529262718892966,-0.0369373099543887
0.0910910910910911,0.0531903278408525,-0.0370465063416757
0.0920920920920921,0.0534521848193095,-0.0371540047573657
0.0930930930930931,0.053711869884946,-0.0372598322617372
0.0940940940940941,0.0539694093937577,-0.0373640152107859
0.0950950950950951,0.0542248290235788,-0.037466579282346
0.0960960960960961,0.054478153798969,-0.0375675495009773
0.0970970970970971,0.0547294081149368,-0.0376669502616881
0.0980980980980981,0.0549786157595634,-0.0377648053525598
0.0990990990990991,0.055225799935592,-0.0378611379763355
0.1001001001001,0.0554709832810358,-0.0379559707710282
0.101101101101101,0.0557141878888619,-0.0380493258296055
0.102102102102102,0.0559554353258001,-0.0381412247187967
0.103103103103103,0.0561947466503224,-0.0382316884970741
0.104104104104104,0.0564321424298403,-0.038320737731849
0.105105105105105,0.0566676427571575,-0.0384083925159253
0.106106106106106,0.056901267266221,-0.0384946724832499
0.107107107107107,0.0571330351472031,-0.038579596823995
0.108108108108108,0.0573629651609512,-0.0386631842990081
0.109109109109109,0.0575910756528363,-0.0387454532536603
0.11011011011011,0.0578173845660315,-0.0388264216311246
0.111111111111111,0.0580419094542472,-0.0389061069851114
0.112112112112112,0.0582646674939521,-0.0389845264920894
0.113113113113113,0.058485675496103,-0.0390616969630154
0.114114114114114,0.0587049499174094,-0.0391376348545988
0.115115115115115,0.0589225068711532,-0.0392123562801217
0.116116116116116,0.0591383621375864,-0.039285877019836
0.117117117117117,0.0593525311739261,-0.0393582125309589
0.118118118118118,0.0595650291239654,-0.0394293779572832
0.119119119119119,0.0597758708273184,-0.0394993881384233
0.12012012012012,0.0599850708283167,-0.0395682576187107
0.121121121121121,0.0601926433845722,-0.0396360006557573
0.122122122122122,0.0603986024752224,-0.0397026312287006
0.123123123123123,0.0606029618088715,-0.0397681630461449
0.124124124124124,0.0608057348312425,-0.0398326095538129
0.125125125125125,0.0610069347325503,-0.0398959839419199
0.126126126126126,0.0612065744546117,-0.0399582991522824
0.127127127127127,0.0614046666977004,-0.0400195678851742
0.128128128128128,0.0616012239271601,-0.040079802605939
0.129129129129129,0.0617962583797854,-0.0401390155513714
0.13013013013013,0.0619897820699803,-0.0401972187358754
0.131131131131131,0.0621818067957038,-0.0402544239574101
0.132132132132132,0.062372344144212,-0.0403106428032313
0.133133133133133,0.0625614054976035,-0.0403658866554381
0.134134134134134,0.0627490020381794,-0.0404201666963311
0.135135135135135,0.0629351447536213,-0.0404734939135921
0.136136136136136,0.0631198444419987,-0.0405258791052906
0.137137137137137,0.06330311171661,-0.040577332884725
0.138138138138138,0.0634849570106649,-0.0406278656851051
0.139139139139139,0.0636653905818144,-0.0406774877640817
0.14014014014014,0.0638444225165343,-0.0407262092081308
0.141141141141141,0.0640220627343678,-0.0407740399367954
0.142142142142142,0.064198320992033,-0.0408209897067938
0.143143143143143,0.0643732068874005,-0.0408670681159965
0.144144144144144,0.0645467298633457,-0.0409122846072788
0.145145145145145,0.0647188992114809,-0.0409566484722532
0.146146146146146,0.0648897240757721,-0.0410001688548856
0.147147147147147,0.0650592134560438,-0.0410428547550004
0.148148148148148,0.0652273762113771,-0.0410847150316789
0.149149149149149,0.0653942210634045,-0.0411257584065534
0.15015015015015,0.065559756599505,-0.0411659934670031
0.151151151151151,0.065723991275904,-0.0412054286692533
0.152152152152152,0.0658869334206805,-0.0412440723413829
0.153153153153153,0.0660485912366851,-0.0412819326862427
0.154154154154154,0.066208972804373,-0.0413190177842879
0.155155155155155,0.0663680860845539,-0.0413553355963279
0.156156156156156,0.0665259389210617,-0.041390893966197
0.157157157157157,0.0666825390433483,-0.0414257006233467
0.158158158158158,0.0668378940690018,-0.0414597631853654
0.159159159159159,0.0669920115061945,-0.0414930891604253
0.16016016016016,0.0671448987560603,-0.0415256859496603
0.161161161161161,0.0672965631150061,-0.0415575608494774
0.162162162162162,0.0674470117769588,-0.0415887210538033
0.163163163163163,0.0675962518355491,-0.0416191736562687
0.164164164164164,0.0677442902862355,-0.0416489256523323
0.165165165165165,0.0678911340283708,-0.0416779839413468
0.166166166166166,0.0680367898672107,-0.0417063553285679
0.167167167167167,0.0681812645158695,-0.04173404652711
0.168168168168168,0.0683245645972222,-0.0417610641598479
0.169169169169169,0.0684666966457562,-0.0417874147612691
0.17017017017017,0.0686076671093733,-0.0418131047792754
0.171171171171171,0.0687474823511442,-0.0418381405769376
0.172172172172172,0.0688861486510173,-0.0418625284342039
0.173173173173173,0.0690236722074821,-0.0418862745495639
0.174174174174174,0.0691600591391896,-0.0419093850416686
0.175175175175175,0.0692953154865311,-0.0419318659509093
0.176176176176176,0.0694294472131761,-0.0419537232409557
0.177177177177177,0.0695624602075712,-0.041974962800254
0.178178178178178,0.0696943602844005,-0.0419955904434885
0.179179179179179,0.0698251531860092,-0.0420156119130045
0.18018018018018,0.069954844583792,-0.0420350328801965
0.181181181181181,0.0700834400795459,-0.0420538589468617
0.182182182182182,0.0702109452067902,-0.0420720956465192
0.183183183183183,0.070337365432053,-0.0420897484456973
0.184184184184184,0.0704627061561273,-0.0421068227451888
0.185185185185185,0.0705869727152949,-0.0421233238812757
0.186186186186186,0.0707101703825219,-0.0421392571269239
0.187187187187187,0.0708323043686243,-0.0421546276929496
0.188188188188188,0.0709533798234062,-0.0421694407291568
0.189189189189189,0.0710734018367705,-0.0421837013254483
0.19019019019019,0.0711923754398029,-0.04219741451291
0.191191191191191,0.0713103056058308,-0.0422105852648693
0.192192192192192,0.0714271972514571,-0.0422232184979288
0.193193193193193,0.0715430552375689,-0.0422353190729759
0.194194194194194,0.0716578843703243,-0.0422468917961686
0.195195195195195,0.071771689402115,-0.0422579414198985
0.196196196196196,0.0718844750325071,-0.0422684726437319
0.197197197197197,0.0719962459091604,-0.0422784901153285
0.198198198198198,0.0721070066287267,-0.0422879984313401
0.199199199199199,0.0722167617377275,-0.0422970021382882
0.2002002002002,0.0723255157334119,-0.0423055057334219
0.201201201201201,0.0724332730645955,-0.0423135136655568
0.202202202202202,0.0725400381324801,-0.0423210303358947
0.203203203203203,0.0726458152914553,-0.0423280600988253
0.204204204204204,0.0727506088498825,-0.0423346072627097
0.205205205205205,0.0728544230708611,-0.0423406760906477
0.206206206206206,0.0729572621729789,-0.0423462708012267
0.207207207207207,0.0730591303310445,-0.0423513955692557
0.208208208208208,0.0731600316768056,-0.0423560545264821
0.209209209209209,0.0732599702996503,-0.0423602517622941
0.21021021021021,0.0733589502472941,-0.0423639913244073
0.211211211211211,0.073456975526452,-0.0423672772195365
0.212212212212212,0.0735540501034958,-0.0423701134140536
0.213213213213213,0.0736501779050984,-0.0423725038346316
0.214214214214214,0.0737453628188635,-0.042374452368874
0.215215215215215,0.0738396086939428,-0.0423759628659326
0.216216216216216,0.0739329193416395,-0.0423770391371106
0.217217217217217,0.0740252985360003,-0.0423776849564548
0.218218218218218,0.0741167500143941,-0.0423779040613339
0.219219219219219,0.0742072774780791,-0.0423777001530062
0.22022022022022,0.0742968845927585,-0.0423770768971751
0.221221221221221,0.0743855749891247,-0.0423760379245326
0.222222222222222,0.074473352263392,-0.0423745868312932
0.223223223223223,0.074560219977819,-0.0423727271797156
0.224224224224224,0.0746461816612204,-0.0423704624986143
0.225225225225225,0.0747312408094682,-0.0423677962838615
0.226226226226226,0.0748154008859832,-0.0423647319988778
0.227227227227227,0.0748986653222165,-0.0423612730751146
0.228228228228228,0.0749810375181217,-0.0423574229125251
0.229229229229229,0.0750625208426171,-0.0423531848800279
0.23023023023023,0.0751431186340401,-0.0423485623159602
0.231231231231231,0.075222834200591,-0.0423435585285225
0.232232232232232,0.0753016708207698,-0.0423381767962147
0.233233233233233,0.0753796317438035,-0.0423324203682638
0.234234234234234,0.0754567201900652,-0.0423262924650429
0.235235235235235,0.0755329393514859,-0.042319796278483
0.236236236236236,0.0756082923919572,-0.0423129349724757
0.237237237237237,0.0756827824477275,-0.0423057116832693
0.238238238238238,0.0757564126277899,-0.0422981295198571
0.239239239239239,0.0758291860142629,-0.0422901915643576
0.24024024024024,0.0759011056627646,-0.0422819008723886
0.241241241241241,0.0759721746027784,-0.0422732604734338
0.242242242242242,0.0760423958380136,-0.0422642733712024
0.243243243243243,0.0761117723467579,-0.0422549425439822
0.244244244244244,0.0761803070822244,-0.0422452709449861
0.245245245245245,0.0762480029728912,-0.0422352615026923
0.246246246246246,0.0763148629228358,-0.0422249171211783
0.247247247247247,0.0763808898120623,-0.0422142406804482
0.248248248248248,0.0764460864968237,-0.042203235036755
0.249249249249249,0.0765104558099375,-0.0421919030229163
0.25025025025025,0.076574000561096,-0.0421802474486242
0.251251251251251,0.0766367235371709,-0.0421682711007505
0.252252252252252,0.0766986275025127,-0.0421559767436457
0.253253253253253,0.0767597151992439,-0.0421433671194324
0.254254254254254,0.0768199893475483,-0.0421304449482942
0.255255255255255,0.076879452645954,-0.0421172129287594
0.256256256256256,0.076938107771612,-0.0421036737379787
0.257257257257257,0.0769959573805695,-0.0420898300319997
0.258258258258258,0.0770530041080392,-0.0420756844460348
0.259259259259259,0.0771092505686626,-0.0420612395947257
0.26026026026026,0.0771646993567702,-0.0420464980724027
0.261261261261261,0.0772193530466359,-0.0420314624533399
0.262262262262262,0.0772732141927277,-0.0420161352920052
0.263263263263263,0.0773262853299543,-0.0420005191233072
0.264264264264264,0.0773785689739066,-0.041984616462837
0.265265265265265,0.0774300676210959,-0.0419684298071058
0.266266266266266,0.0774807837491876,-0.0419519616337789
0.267267267267267,0.0775307198172313,-0.0419352144019061
0.268268268268268,0.0775798782658865,-0.0419181905521468
0.269269269269269,0.0776282615176451,-0.0419008925069928
0.27027027027027,0.0776758719770496,-0.0418833226709868
0.271271271271271,0.0777227120309082,-0.0418654834309368
0.272272272272272,0.0777687840485057,-0.0418473771561278
0.273273273273273,0.0778140903818117,-0.0418290061985293
0.274274274274274,0.0778586333656846,-0.0418103728929997
0.275275275275275,0.0779024153180726,-0.0417914795574872
0.276276276276276,0.0779454385402115,-0.0417723284932276
0.277277277277277,0.0779877053168189,-0.0417529219849385
0.278278278278278,0.0780292179162859,-0.041733262301011
0.279279279279279,0.0780699785908645,-0.0417133516936971
0.28028028028028,0.0781099895768538,-0.0416931923992959
0.281281281281281,0.078149253094781,-0.0416727866383346
0.282282282282282,0.0781877713495815,-0.0416521366157485
0.283283283283283,0.0782255465307748,-0.0416312445210573
0.284284284284284,0.0782625808126381,-0.0416101125285382
0.285285285285285,0.0782988763543774,-0.041588742797397
0.286286286286286,0.0783344353002951,-0.0415671374719362
0.287287287287287,0.0783692597799557,-0.0415452986817203
0.288288288288288,0.0784033519083486,-0.0415232285417388
0.289289289289289,0.0784367137860485,-0.0415009291525662
0.29029029029029,0.0784693474993729,-0.0414784026005201
0.291291291291291,0.0785012551205377,-0.0414556509578164
0.292292292292292,0.0785324387078099,-0.0414326762827221
0.293293293293293,0.0785629003056583,-0.0414094806197061
0.294294294294294,0.0785926419449017,-0.0413860659995871
0.295295295295295,0.0786216656428549,-0.0413624344396798
0.296296296296296,0.0786499734034724,-0.0413385879439388
0.297297297297297,0.0786775672174897,-0.0413145285030996
0.298298298298298,0.0787044490625631,-0.0412902580948186
0.299299299299299,0.0787306209034069,-0.0412657786838099
0.3003003003003,0.0787560846919281,-0.0412410922219806
0.301301301301301,0.0787808423673603,-0.0412162006485644
0.302302302302302,0.0788048958563945,-0.0411911058902521
0.303303303303303,0.0788282470733082,-0.0411658098613214
0.304304304304304,0.0788508979200928,-0.0411403144637636
0.305305305305305,0.0788728502865794,-0.0411146215874097
0.306306306306306,0.0788941060505615,-0.0410887331100534
0.307307307307307,0.0789146670779175,-0.041062650897573
0.308308308308308,0.0789345352227303,-0.0410363768040514
0.309309309309309,0.0789537123274054,-0.041009912671894
0.31031031031031,0.0789722002227874,-0.0409832603319457
0.311311311311311,0.0789900007282752,-0.040956421603605
0.312312312312312,0.0790071156519341,-0.0409293982949375
0.313313313313313,0.0790235467906082,-0.0409021922027872
0.314314314314314,0.0790392959300299,-0.0408748051128865
0.315315315315315,0.079054364844928,-0.0408472387999641
0.316316316316316,0.0790687552991346,-0.0408194950278523
0.317317317317317,0.0790824690456901,-0.0407915755495914
0.318318318318318,0.0790955078269473,-0.0407634821075342
0.319319319319319,0.0791078733746731,-0.0407352164334476
0.32032032032032,0.0791195674101496,-0.0407067802486137
0.321321321321321,0.0791305916442734,-0.0406781752639291
0.322322322322322,0.0791409477776533,-0.0406494031800026
0.323323323323323,0.0791506375007072,-0.0406204656872521
0.324324324324324,0.0791596624937573,-0.0405913644659998
0.325325325325325,0.0791680244271236,-0.0405621011865657
0.326326326326326,0.079175724961217,-0.0405326775093608
0.327327327327327,0.0791827657466304,-0.0405030950849778
0.328328328328328,0.0791891484242286,-0.0404733555542816
0.329329329329329,0.0791948746252373,-0.0404434605484979
0.33033033033033,0.0791999459713306,-0.0404134116893008
0.331331331331331,0.0792043640747174,-0.0403832105888993
0.332332332332332,0.0792081305382267,-0.0403528588501222
0.333333333333333,0.0792112469553916,-0.0403223580665027
0.334334334334334,0.0792137149105319,-0.0402917098223606
0.335335335335335,0.0792155359788364,-0.0402609156928848
0.336336336336336,0.0792167117264435,-0.0402299772442135
0.337337337337337,0.0792172437105202,-0.0401988960335139
0.338338338338338,0.0792171334793415,-0.0401676736090608
0.339339339339339,0.0792163825723672,-0.0401363115103142
0.34034034034034,0.0792149925203187,-0.0401048112679953
0.341341341341341,0.0792129648452544,-0.0400731744041626
0.342342342342342,0.0792103010606439,-0.0400414024322858
0.343343343343343,0.0792070026714418,-0.0400094968573193
0.344344344344344,0.0792030711741599,-0.0399774591757751
0.345345345345345,0.0791985080569388,-0.0399452908757937
0.346346346346346,0.0791933147996186,-0.0399129934372152
0.347347347347347,0.0791874928738086,-0.0398805683316488
0.348348348348348,0.0791810437429557,-0.0398480170225416
0.349349349349349,0.0791739688624126,-0.0398153409652462
0.35035035035035,0.0791662696795048,-0.039782541607088
0.351351351351351,0.0791579476335965,-0.0397496203874315
0.352352352352352,0.0791490041561563,-0.0397165787377449
0.353353353353353,0.0791394406708208,-0.0396834180816651
0.354354354354354,0.0791292585934593,-0.0396501398350612
0.355355355355355,0.0791184593322357,-0.0396167454060973
0.356356356356356,0.0791070442876709,-0.0395832361952943
0.357357357357357,0.0790950148527041,-0.0395496135955912
0.358358358358358,0.0790823724127529,-0.0395158789924057
0.359359359359359,0.0790691183457733,-0.0394820337636937
0.36036036036036,0.0790552540223182,-0.0394480792800083
0.361361361361361,0.0790407808055962,-0.039414016904558
0.362362362362362,0.0790257000515284,-0.0393798479932639
0.363363363363363,0.0790100131088055,-0.0393455738948168
0.364364364364364,0.078993721318944,-0.0393111959507329
0.365365365365365,0.0789768260163409,-0.0392767154954095
0.366366366366366,0.0789593285283289,-0.0392421338561792
0.367367367367367,0.0789412301752302,-0.0392074523533643
0.368368368368368,0.0789225322704097,-0.0391726723003295
0.369369369369369,0.0789032361203279,-0.0391377950035354
0.37037037037037,0.0788833430245926,-0.0391028217625899
0.371371371371371,0.0788628542760104,-0.0390677538702994
0.372372372372372,0.0788417711606374,-0.0390325926127201
0.373373373373373,0.0788200949578295,-0.038997339269208
0.374374374374374,0.0787978269402918,-0.038961995112468
0.375375375375375,0.0787749683741274,-0.0389265614086033
0.376376376376376,0.0787515205188856,-0.0388910394171632
0.377377377377377,0.0787274846276102,-0.0388554303911916
0.378378378378378,0.0787028619468863,-0.0388197355772734
0.379379379379379,0.0786776537168867,-0.0387839562155816
0.38038038038038,0.0786518611714184,-0.038748093539923
0.381381381381381,0.0786254855379677,-0.0387121487777841
0.382382382382382,0.0785985280377456,-0.0386761231503758
0.383383383383383,0.0785709898857317,-0.0386400178726777
0.384384384384384,0.0785428722907186,-0.0386038341534823
0.385385385385385,0.0785141764553549,-0.0385675731954383
0.386386386386386,0.0784849035761883,-0.0385312361950935
0.387387387387387,0.0784550548437078,-0.0384948243429367
0.388388388388388,0.0784246314423859,-0.0384583388234406
0.389389389389389,0.0783936345507195,-0.038421780815102
0.39039039039039,0.0783620653412714,-0.0383851514904837
0.391391391391391,0.0783299249807101,-0.0383484520162542
0.392392392392392,0.0782972146298502,-0.038311683553228
0.393393393393393,0.0782639354436919,-0.0382748472564055
0.394394394394394,0.0782300885714596,-0.038237944275011
0.395395395395395,0.0781956751566412,-0.0382009757525324
0.396396396396396,0.0781606963370256,-0.0381639428267585
0.397397397397397,0.0781251532447407,-0.0381268466298175
0.398398398398398,0.078089047006291,-0.0380896882882135
0.399399399399399,0.0780523787425937,-0.0380524689228641
0.4004004004004,0.0780151609356258,-0.0380151787490125
0.401401401401401,0.0779774998345312,-0.0379777180485187
0.402402402402402,0.0779394221131871,-0.0379400633951097
0.403403403403403,0.0779009288647247,-0.0379022158819165
0.404404404404404,0.0778620211767735,-0.0378641765965688
0.405405405405405,0.0778227001314961,-0.0378259466212291
0.406406406406406,0.0777829668056235,-0.0377875270326284
0.407407407407407,0.0777428222704885,-0.0377489189020996
0.408408408408408,0.0777022675920603,-0.0377101232956117
0.409409409409409,0.0776613038309772,-0.0376711412738032
0.41041041041041,0.0776199320425803,-0.0376319738920151
0.411411411411411,0.0775781532769461,-0.0375926222003239
0.412412412412412,0.0775359685789186,-0.0375530872435736
0.413413413413413,0.0774933789881415,-0.037513370061408
0.414414414414414,0.07745038553909,-0.0374734716883023
0.415415415415415,0.077406989261102,-0.0374333931535942
0.416416416416416,0.0773631911784091,-0.0373931354815154
0.417417417417417,0.077318992310167,-0.0373526996912218
0.418418418418418,0.0772743936704864,-0.0373120867968238
0.419419419419419,0.0772293962684626,-0.0372712978074167
0.42042042042042,0.0771840011082049,-0.0372303337271101
0.421421421421421,0.0771382091888666,-0.0371891955550571
0.422422422422422,0.0770920215046737,-0.0371478842854836
0.423423423423423,0.0770454390449535,-0.0371064009077172
0.424424424424424,0.0769984627941633,-0.0370647464062149
0.425425425425425,0.0769510937319183,-0.037022921760592
0.426426426426426,0.0769033328330196,-0.0369809279456497
0.427427427427427,0.0768551810674815,-0.0369387659314022
0.428428428428428,0.0768066394005591,-0.0368964366831046
0.429429429429429,0.0767577087927748,-0.0368539411612794
0.43043043043043,0.0767083901999454,-0.0368112803217433
0.431431431431431,0.0766586845732082,-0.0367684551156336
0.432432432432432,0.0766085928590472,-0.0367254664894343
0.433433433433433,0.0765581159993189,-0.036682315385002
0.434434434434434,0.0765072549312782,-0.0366390027395915
0.435435435435435,0.0764560105876031,-0.0365955294858808
0.436436436436436,0.0764043838964202,-0.0365518965519965
0.437437437437437,0.0763523757813294,-0.0365081048615386
0.438438438438438,0.0762999871614285,-0.0364641553336046
0.439439439439439,0.076247218951337,-0.0364200488828145
0.44044044044044,0.0761940720612211,-0.036375786419334
0.441441441441441,0.0761405473968162,-0.036331368848899
0.442442442442442,0.0760866458594518,-0.0362867970728385
0.443443443443443,0.0760323683460737,-0.0362420719880986
0.444444444444444,0.0759777157492677,-0.036197194487265
0.445445445445445,0.0759226889572822,-0.0361521654585861
0.446446446446446,0.0758672888540508,-0.0361069857859955
0.447447447447447,0.0758115163192147,-0.0360616563491345
0.448448448448448,0.0757553722281449,-0.036016178023374
0.449449449449449,0.075698857451964,-0.0359705516798366
0.45045045045045,0.0756419728575682,-0.0359247781854186
0.451451451451451,0.0755847193076484,-0.0358788584028107
0.452452452452452,0.0755270976607116,-0.0358327931905201
0.453453453453453,0.0754691087711021,-0.035786583402891
0.454454454454454,0.0754107534890222,-0.0357402298901258
0.455455455455455,0.075352032660553,-0.0356937334983055
0.456456456456456,0.0752929471276748,-0.0356470950694103
0.457457457457457,0.0752334977282869,-0.0356003154413397
0.458458458458458,0.0751736852962285,-0.0355533954479328
0.459459459459459,0.0751135106612977,-0.0355063359189878
0.46046046046046,0.0750529746492718,-0.0354591376802819
0.461461461461461,0.0749920780819262,-0.0354118015535905
0.462462462462462,0.0749308217770542,-0.0353643283567069
0.463463463463463,0.0748692065484856,-0.0353167189034609
0.464464464464464,0.0748072332061058,-0.035268974003738
0.465465465465465,0.0747449025558747,-0.035221094463498
0.466466466466466,0.0746822153998448,-0.0351730810847934
0.467467467467467,0.07461917253618,-0.0351249346657882
0.468468468468468,0.0745557747591734,-0.0350766560007754
0.469469469469469,0.0744920228592656,-0.0350282458801955
0.47047047047047,0.0744279176230622,-0.0349797050906544
0.471471471471471,0.0743634598333518,-0.0349310344149404
0.472472472472472,0.0742986502691233,-0.0348822346320425
0.473473473473473,0.0742334897055831,-0.0348333065171672
0.474474474474474,0.0741679789141724,-0.0347842508417556
0.475475475475475,0.0741021186625843,-0.0347350683735009
0.476476476476476,0.0740359097147806,-0.0346857598763647
0.477477477477477,0.0739693528310081,-0.034636326110594
0.478478478478478,0.0739024487678155,-0.0345867678327374
0.479479479479479,0.0738351982780698,-0.0345370857956619
0.48048048048048,0.0737676021109721,-0.0344872807485687
0.481481481481481,0.0736996610120741,-0.0344373534370093
0.482482482482482,0.0736313757232938,-0.0343873046029019
0.483483483483483,0.073562746982931,-0.0343371349845462
0.484484484484485,0.0734937755256835,-0.0342868453166401
0.485485485485485,0.0734244620826621,-0.0342364363302942
0.486486486486487,0.0733548073814059,-0.0341859087530478
0.487487487487487,0.0732848121458978,-0.0341352633088837
0.488488488488488,0.0732144770965793,-0.0340845007182434
0.48948948948949,0.0731438029503654,-0.034033621698042
0.49049049049049,0.0730727904206594,-0.0339826269616827
0.491491491491492,0.0730014402173678,-0.033931517219072
0.492492492492492,0.072929753046914,-0.0338802931766334
0.493493493493493,0.0728577296122537,-0.0338289555373224
0.494494494494495,0.0727853706128883,-0.0337775050006406
0.495495495495495,0.0727126767448795,-0.0337259422626495
0.496496496496497,0.0726396487008627,-0.0336742680159848
0.497497497497497,0.0725662871700617,-0.03362248294987
0.498498498498498,0.0724925928383017,-0.0335705877501304
0.4994994994995,0.072418566388023,-0.0335185830992065
0.500500500500501,0.0723442084982949,-0.0334664696761672
0.501501501501502,0.0722695198448283,-0.0334142481567238
0.502502502502503,0.0721945010999898,-0.0333619192132426
0.503503503503503,0.0721191529328142,-0.0333094835147587
0.504504504504504,0.0720434760090177,-0.033256941726988
0.505505505505506,0.0719674709910107,-0.033204294512341
0.506506506506507,0.0718911385379106,-0.0331515425299352
0.507507507507508,0.0718144793055547,-0.0330986864356076
0.508508508508508,0.0717374939465121,-0.0330457268819278
0.509509509509509,0.0716601831100967,-0.0329926645182093
0.510510510510511,0.0715825474423796,-0.0329394999905233
0.511511511511512,0.0715045875862006,-0.0328862339417097
0.512512512512513,0.0714263041811811,-0.0328328670113898
0.513513513513513,0.0713476978637355,-0.032779399835978
0.514514514514514,0.0712687692670836,-0.0327258330486941
0.515515515515516,0.0711895190212617,-0.0326721672795745
0.516516516516517,0.0711099477531351,-0.0326184031554844
0.517517517517518,0.0710300560864091,-0.0325645413001291
0.518518518518518,0.0709498446416407,-0.0325105823340656
0.519519519519519,0.0708693140362498,-0.0324565268747139
0.520520520520521,0.0707884648845306,-0.0324023755363681
0.521521521521522,0.0707072977976632,-0.0323481289302083
0.522522522522523,0.0706258133837238,-0.0322937876643107
0.523523523523523,0.0705440122476964,-0.0322393523436593
0.524524524524524,0.0704618949914834,-0.0321848235701566
0.525525525525526,0.0703794622139164,-0.0321302019426341
0.526526526526527,0.0702967145107672,-0.0320754880568636
0.527527527527528,0.070213652474758,-0.0320206825055673
0.528528528528528,0.0701302766955722,-0.0319657858784287
0.529529529529529,0.0700465877598649,-0.0319107987621028
0.530530530530531,0.0699625862512727,-0.0318557217402263
0.531531531531532,0.069878272750425,-0.0318005553934284
0.532532532532533,0.069793647834953,-0.0317453002993404
0.533533533533533,0.0697087120795005,-0.0316899570326062
0.534534534534535,0.069623466055734,-0.0316345261648922
0.535535535535536,0.069537910332352,-0.031579008264897
0.536536536536537,0.0694520454750956,-0.0315234038983614
0.537537537537538,0.0693658720467573,-0.0314677136280784
0.538538538538539,0.0692793906071918,-0.0314119380139023
0.53953953953954,0.0691926017133248,-0.0313560776127588
0.540540540540541,0.0691055059191625,-0.0313001329786545
0.541541541541542,0.0690181037758018,-0.0312441046626857
0.542542542542543,0.0689303958314385,-0.0311879932130488
0.543543543543544,0.0688423826313777,-0.0311317991750484
0.544544544544545,0.0687540647180421,-0.0310755230911076
0.545545545545546,0.0686654426309819,-0.0310191655007764
0.546546546546547,0.0685765169068832,-0.0309627269407409
0.547547547547548,0.0684872880795774,-0.0309062079448325
0.548548548548549,0.0683977566800498,-0.0308496090440365
0.54954954954955,0.0683079232364486,-0.0307929307665012
0.550550550550551,0.0682177882740937,-0.0307361736375464
0.551551551551552,0.0681273523154854,-0.0306793381796724
0.552552552552553,0.0680366158803127,-0.0306224249125682
0.553553553553554,0.0679455794854622,-0.0305654343531204
0.554554554554555,0.0678542436450264,-0.0305083670154216
0.555555555555556,0.0677626088703121,-0.0304512234107785
0.556556556556557,0.067670675669849,-0.0303940040477208
0.557557557557558,0.0675784445493973,-0.0303367094320088
0.558558558558559,0.067485916011957,-0.0302793400666423
0.55955955955956,0.0673930905577748,-0.0302218964518682
0.560560560560561,0.0672999686843531,-0.0301643790851888
0.561561561561562,0.0672065508864575,-0.0301067884613698
0.562562562562563,0.0671128376561251,-0.0300491250724481
0.563563563563564,0.0670188294826719,-0.0299913894077399
0.564564564564565,0.0669245268527013,-0.0299335819538484
0.565565565565566,0.0668299302501111,-0.0298757031946717
0.566566566566567,0.0667350401561017,-0.02981775361141
0.567567567567568,0.0666398570491837,-0.0297597336825738
0.568568568568569,0.0665443814051852,-0.0297016438839914
0.56956956956957,0.0664486136972594,-0.029643484688816
0.570570570570571,0.0663525543958925,-0.0295852565675336
0.571571571571572,0.0662562039689103,-0.0295269599879702
0.572572572572573,0.0661595628814862,-0.029468595415299
0.573573573573574,0.066062631596148,-0.0294101633120481
0.574574574574575,0.0659654105727857,-0.0293516641381072
0.575575575575576,0.065867900268658,-0.0292930983507352
0.576576576576577,0.0657701011383999,-0.029234466404567
0.577577577577578,0.0656720136340295,-0.0291757687516207
0.578578578578579,0.0655736382049551,-0.0291170058413046
0.57957957957958,0.0654749752979821,-0.0290581781204242
0.580580580580581,0.06537602535732,-0.0289992860331888
0.581581581581582,0.065276788824589,-0.0289403300212189
0.582582582582583,0.0651772661388272,-0.0288813105235522
0.583583583583584,0.0650774577364967,-0.0288222279766512
0.584584584584585,0.064977364051491,-0.0287630828144091
0.585585585585586,0.064876985515141,-0.028703875468157
0.586586586586587,0.064776322556222,-0.0286446063666701
0.587587587587588,0.06467537560096,-0.0285852759361746
0.588588588588589,0.0645741450730384,-0.0285258846003535
0.58958958958959,0.0644726313936043,-0.0284664327803542
0.590590590590591,0.0643708349812747,-0.0284069208947936
0.591591591591592,0.0642687562521431,-0.0283473493597652
0.592592592592593,0.0641663956197856,-0.0282877185888452
0.593593593593594,0.0640637534952674,-0.0282280289930986
0.594594594594595,0.0639608302871486,-0.0281682809810858
0.595595595595596,0.0638576264014908,-0.0281084749588681
0.596596596596597,0.0637541422418628,-0.0280486113300145
0.597597597597598,0.0636503782093468,-0.027988690495607
0.598598598598599,0.0635463347025444,-0.0279287128542474
0.5995995995996,0.0634420121175826,-0.0278686788020627
0.600600600600601,0.0633374108481198,-0.0278085887327111
0.601601601601602,0.0632325312853513,-0.0277484430373881
0.602602602602603,0.0631273738180157,-0.0276882421048321
0.603603603603604,0.0630219388323999,-0.0276279863213303
0.604604604604605,0.0629162267123458,-0.0275676760707244
0.605605605605606,0.0628102378392554,-0.0275073117344162
0.606606606606607,0.0627039725920962,-0.0274468936913737
0.607607607607608,0.0625974313474076,-0.0273864223181359
0.608608608608609,0.0624906144793059,-0.0273258979888192
0.60960960960961,0.06238352235949,-0.0272653210751225
0.610610610610611,0.0622761553572469,-0.0272046919463329
0.611611611611612,0.0621685138394569,-0.0271440109693306
0.612612612612613,0.0620605981705997,-0.0270832785085954
0.613613613613614,0.0619524087127589,-0.0270224949262107
0.614614614614615,0.061843945825628,-0.0269616605818702
0.615615615615616,0.0617352098665153,-0.026900775832882
0.616616616616617,0.0616262011903493,-0.0268398410341749
0.617617617617618,0.061516920149684,-0.0267788565383027
0.618618618618619,0.0614073670947041,-0.0267178226954499
0.61961961961962,0.0612975423732297,-0.026656739853437
0.620620620620621,0.061187446330722,-0.0265956083577251
0.621621621621622,0.0610770793102881,-0.0265344285514211
0.622622622622623,0.060966441652686,-0.0264732007752832
0.623623623623624,0.0608555336963297,-0.0264119253677252
0.624624624624625,0.060744355777294,-0.0263506026648221
0.625625625625626,0.0606329082293195,-0.0262892330003145
0.626626626626627,0.0605211913838178,-0.0262278167056139
0.627627627627628,0.0604092055698758,-0.0261663541098071
0.628628628628629,0.0602969511142608,-0.0261048455396616
0.62962962962963,0.0601844283414255,-0.02604329131963
0.630630630630631,0.0600716375735122,-0.0259816917718547
0.631631631631632,0.0599585791303582,-0.0259200472161729
0.632632632632633,0.0598452533294999,-0.0258583579701209
0.633633633633634,0.0597316604861778,-0.0257966243489394
0.634634634634635,0.0596178009133409,-0.0257348466655774
0.635635635635636,0.0595036749216516,-0.0256730252306971
0.636636636636637,0.0593892828194897,-0.0256111603526786
0.637637637637638,0.0592746249129578,-0.0255492523376241
0.638638638638639,0.0591597015058847,-0.0254873014893628
0.63963963963964,0.0590445128998308,-0.0254253081094548
0.640640640640641,0.058929059394092,-0.0253632724971962
0.641641641641642,0.0588133412857043,-0.0253011949496229
0.642642642642643,0.0586973588694481,-0.0252390757615154
0.643643643643644,0.0585811124378526,-0.0251769152254027
0.644644644644645,0.0584646022812,-0.0251147136315672
0.645645645645646,0.0583478286875298,-0.0250524712680483
0.646646646646647,0.0582307919426432,-0.0249901884206472
0.647647647647648,0.0581134923301073,-0.024927865372931
0.648648648648649,0.0579959301312588,-0.0248655024062365
0.64964964964965,0.057878105625209,-0.0248030997996749
0.650650650650651,0.0577600190888473,-0.0247406578301356
0.651651651651652,0.0576416707968454,-0.0246781767722903
0.652652652652653,0.0575230610216617,-0.0246156568985974
0.653653653653654,0.0574041900335448,-0.0245530984793056
0.654654654654655,0.0572850581005382,-0.0244905017824583
0.655655655655656,0.0571656654884837,-0.0244278670738974
0.656656656656657,0.0570460124610257,-0.0243651946172671
0.657657657657658,0.0569260992796149,-0.0243024846740183
0.658658658658659,0.0568059262035126,-0.0242397375034122
0.65965965965966,0.056685493489794,-0.0241769533625241
0.660660660660661,0.0565648013933528,-0.0241141325062475
0.661661661661662,0.0564438501669042,-0.0240512751872978
0.662662662662663,0.0563226400609895,-0.0239883816562162
0.663663663663664,0.0562011713239794,-0.0239254521613733
0.664664664664665,0.0560794442020777,-0.0238624869489732
0.665665665665666,0.0559574589393255,-0.0237994862630568
0.666666666666667,0.0558352157776045,-0.0237364503455057
0.667667667667668,0.0557127149566408,-0.0236733794360462
0.668668668668669,0.0555899567140085,-0.0236102737722523
0.66966966966967,0.0554669412851335,-0.02354713358955
0.670670670670671,0.055343668903297,-0.0234839591212204
0.671671671671672,0.055220139799639,-0.0234207505984035
0.672672672672673,0.0550963542031621,-0.0233575082501019
0.673673673673674,0.0549723123407348,-0.0232942323031842
0.674674674674675,0.0548480144370951,-0.0232309229823882
0.675675675675676,0.054723460714854,-0.0231675805103251
0.676676676676677,0.0545986513944991,-0.0231042051074824
0.677677677677678,0.0544735866943977,-0.0230407969922275
0.678678678678679,0.0543482668308007,-0.0229773563808112
0.67967967967968,0.0542226920178456,-0.022913883487371
0.680680680680681,0.05409686246756,-0.0228503785239345
0.681681681681682,0.0539707783898651,-0.0227868417004229
0.682682682682683,0.0538444399925789,-0.0227232732246542
0.683683683683684,0.0537178474814193,-0.0226596733023464
0.684684684684685,0.053591001060008,-0.0225960421371212
0.685685685685686,0.0534639009298732,-0.0225323799305066
0.686686686686687,0.0533365472904532,-0.022468686881941
0.687687687687688,0.0532089403390991,-0.0224049631887756
0.688688688688689,0.0530810802710789,-0.0223412090462783
0.68968968968969,0.0529529672795799,-0.0222774246476365
0.690690690690691,0.0528246015557122,-0.0222136101839601
0.691691691691692,0.0526959832885117,-0.0221497658442852
0.692692692692693,0.0525671126649436,-0.0220858918155768
0.693693693693694,0.0524379898699049,-0.0220219882827322
0.694694694694695,0.0523086150862281,-0.0219580554285836
0.695695695695696,0.0521789884946838,-0.0218940934339017
0.696696696696697,0.052049110273984,-0.0218301024773986
0.697697697697698,0.0519189806007851,-0.0217660827357307
0.698698698698699,0.0517885996496909,-0.0217020343835016
0.6996996996997,0.0516579675932556,-0.0216379575932656
0.700700700700701,0.0515270846019865,-0.0215738525355301
0.701701701701702,0.0513959508443476,-0.021509719378759
0.702702702702703,0.0512645664867617,-0.0214455582893751
0.703703703703704,0.0511329316936141,-0.0213813694317638
0.704704704704705,0.0510010466272551,-0.0213171529682752
0.705705705705706,0.0508689114480026,-0.0212529090592274
0.706706706706707,0.0507365263141458,-0.0211886378629095
0.707707707707708,0.0506038913819471,-0.021124339535584
0.708708708708709,0.0504710068056457,-0.02106001423149
0.70970970970971,0.0503378727374599,-0.0209956621028458
0.710710710710711,0.0502044893275901,-0.0209312832998518
0.711711711711712,0.0500708567242216,-0.0208668779706933
0.712712712712713,0.0499369750735271,-0.020802446261543
0.713713713713714,0.0498028445196699,-0.0207379883165644
0.714714714714715,0.0496684652048064,-0.0206735042779135
0.715715715715716,0.0495338372690884,-0.0206089942857425
0.716716716716717,0.0493989608506666,-0.0205444584782018
0.717717717717718,0.0492638360856927,-0.0204798969914432
0.718718718718719,0.0491284631083219,-0.0204153099596221
0.71971971971972,0.0489928420507164,-0.0203506975149004
0.720720720720721,0.0488569730430469,-0.020286059787449
0.721721721721722,0.0487208562134962,-0.0202213969054506
0.722722722722723,0.0485844916882613,-0.0201567089951021
0.723723723723724,0.0484478795915558,-0.0200919961806173
0.724724724724725,0.0483110200456129,-0.0200272585842294
0.725725725725726,0.0481739131706879,-0.0199624963261935
0.726726726726727,0.0480365590850603,-0.0198977095247893
0.727727727727728,0.0478989579050368,-0.0198328982963234
0.728728728728729,0.0477611097449535,-0.019768062755132
0.72972972972973,0.0476230147171786,-0.0197032030135831
0.730730730730731,0.0474846729321147,-0.0196383191820795
0.731731731731732,0.0473460844982014,-0.0195734113690607
0.732732732732733,0.0472072495219176,-0.0195084796810056
0.733733733733734,0.0470681681077839,-0.0194435242224349
0.734734734734735,0.0469288403583654,-0.0193785450959136
0.735735735735736,0.0467892663742736,-0.0193135424020531
0.736736736736737,0.0466494462541689,-0.019248516239514
0.737737737737738,0.0465093800947633,-0.0191834667050083
0.738738738738739,0.0463690679908223,-0.0191183938933013
0.73973973973974,0.0462285100351677,-0.019053297897215
0.740740740740741,0.0460877063186795,-0.0189881788076294
0.741741741741742,0.0459466569302985,-0.0189230367134851
0.742742742742743,0.0458053619570284,-0.018857871701786
0.743743743743744,0.0456638214839385,-0.0187926838576012
0.744744744744745,0.0455220355941651,-0.0187274732640673
0.745745745745746,0.045380004368915,-0.0186622400023908
0.746746746746747,0.0452377278874666,-0.0185969841518502
0.747747747747748,0.0450952062271727,-0.0185317057897984
0.748748748748749,0.044952439463463,-0.018466404991665
0.74974974974975,0.0448094276698455,-0.018401081830958
0.750750750750751,0.0446661709179093,-0.0183357363792665
0.751751751751752,0.0445226692773266,-0.0182703687062629
0.752752752752753,0.0443789228158551,-0.0182049788797046
0.753753753753754,0.0442349315993398,-0.0181395669654367
0.754754754754755,0.0440906956917152,-0.0180741330273936
0.755755755755756,0.0439462151550077,-0.018008677127602
0.756756756756757,0.0438014900493375,-0.0179431993261819
0.757757757757758,0.0436565204329209,-0.0178776996813496
0.758758758758759,0.043511306362072,-0.0178121782494193
0.75975975975976,0.0433658478912054,-0.0177466350848054
0.760760760760761,0.0432201450728376,-0.0176810702400246
0.761761761761762,0.0430741979575896,-0.0176154837656978
0.762762762762763,0.0429280065941887,-0.0175498757105523
0.763763763763764,0.0427815710294706,-0.0174842461214239
0.764764764764765,0.0426348913083812,-0.0174185950432584
0.765765765765766,0.0424879674739792,-0.0173529225191144
0.766766766766767,0.0423407995674375,-0.0172872285901651
0.767767767767768,0.0421933876280454,-0.0172215132956995
0.768768768768769,0.0420457316932107,-0.0171557766731255
0.76976976976977,0.0418978317984614,-0.0170900187579713
0.770770770770771,0.0417496879774482,-0.0170242395838873
0.771771771771772,0.0416013002619457,-0.0169584391826482
0.772772772772773,0.041452668681855,-0.0168926175841552
0.773773773773774,0.0413037932652052,-0.0168267748164372
0.774774774774775,0.0411546740381554,-0.0167609109056535
0.775775775775776,0.0410053110249969,-0.0166950258760953
0.776776776776777,0.0408557042481546,-0.0166291197501876
0.777777777777778,0.0407058537281895,-0.0165631925484913
0.778778778778779,0.0405557594837999,-0.0164972442897047
0.77977977977978,0.0404054215318238,-0.0164312749906658
0.780780780780781,0.0402548398872405,-0.0163652846663539
0.781781781781782,0.0401040145631724,-0.0162992733298915
0.782782782782783,0.039952945570887,-0.016233240992546
0.783783783783784,0.0398016329197986,-0.0161671876637318
0.784784784784785,0.0396500766174704,-0.0161011133510119
0.785785785785786,0.0394982766696157,-0.0160350180600997
0.786786786786787,0.0393462330801003,-0.0159689017948611
0.787787787787788,0.039193945850944,-0.0159027645573158
0.788788788788789,0.0390414149823224,-0.0158366063476395
0.78978978978979,0.0388886404725688,-0.0157704271641653
0.790790790790791,0.0387356223181756,-0.0157042270033857
0.791791791791792,0.0385823605137965,-0.0156380058599545
0.792792792792793,0.0384288550522479,-0.0155717637266881
0.793793793793794,0.038275105924511,-0.0155055005945676
0.794794794794795,0.0381211131197329,-0.01543921645274
0.795795795795796,0.0379668766252289,-0.0153729112885209
0.796796796796797,0.0378123964264841,-0.015306585087395
0.797797797797798,0.0376576725071547,-0.0152402378330188
0.798798798798799,0.03750270484907,-0.0151738695072217
0.7997997997998,0.0373474934322343,-0.0151074800900076
0.800800800800801,0.037192038234828,-0.0150410695595572
0.801801801801802,0.0370363392332096,-0.014974637892229
0.802802802802803,0.0368803964019175,-0.0149081850625612
0.803803803803804,0.0367242097136711,-0.0148417110432734
0.804804804804805,0.036567779139373,-0.0147752158052681
0.805805805805806,0.0364111046481104,-0.0147086993176325
0.806806806806807,0.0362541862071565,-0.0146421615476399
0.807807807807808,0.0360970237819725,-0.0145756024607514
0.808808808808809,0.0359396173362088,-0.0145090220206174
0.80980980980981,0.0357819668317069,-0.0144424201890794
0.810810810810811,0.035624072228501,-0.0143757969261716
0.811811811811812,0.035465933484819,-0.014309152190122
0.812812812812813,0.035307550557085,-0.0142424859373546
0.813813813813814,0.0351489233999201,-0.0141757981224905
0.814814814814815,0.034990051966144,-0.0141090886983495
0.815815815815816,0.0348309362067772,-0.0140423576159519
0.816816816816817,0.0346715760710415,-0.0139756048245197
0.817817817817818,0.0345119715063627,-0.0139088302714786
0.818818818818819,0.0343521224583709,-0.0138420339024588
0.81981981981982,0.0341920288709031,-0.0137752156612971
0.820820820820821,0.0340316906860038,-0.0137083754900382
0.821821821821822,0.0338711078439273,-0.0136415133289363
0.822822822822823,0.0337102802831385,-0.0135746291164563
0.823823823823824,0.0335492079403146,-0.0135077227892754
0.824824824824825,0.0333878907503468,-0.013440794282285
0.825825825825826,0.0332263286463417,-0.0133738435285913
0.826826826826827,0.0330645215596223,-0.0133068704595176
0.827827827827828,0.0329024694197301,-0.0132398750046053
0.828828828828829,0.032740172154426,-0.0131728570916154
0.82982982982983,0.0325776296896921,-0.0131058166465299
0.830830830830831,0.0324148419497329,-0.0130387535935534
0.831831831831832,0.032251808856977,-0.0129716678551143
0.832832832832833,0.0320885303320781,-0.0129045593518664
0.833833833833834,0.0319250062939166,-0.0128374280026902
0.834834834834835,0.0317612366596011,-0.0127702737246943
0.835835835835836,0.0315972213444699,-0.0127030964332167
0.836836836836837,0.0314329602620918,-0.0126358960418266
0.837837837837838,0.0312684533242681,-0.0125686724623251
0.838838838838839,0.0311037004410337,-0.0125014256047471
0.83983983983984,0.0309387015206585,-0.0124341553773625
0.840840840840841,0.0307734564696488,-0.0123668616866776
0.841841841841842,0.0306079651927484,-0.0122995444374363
0.842842842842843,0.0304422275929404,-0.0122322035326216
0.843843843843844,0.0302762435714481,-0.0121648388734568
0.844844844844845,0.0301100130277366,-0.012097450359407
0.845845845845846,0.0299435358595139,-0.0120300378881803
0.846846846846847,0.0297768119627327,-0.0119626013557293
0.847847847847848,0.0296098412315909,-0.011895140656252
0.848848848848849,0.0294426235585337,-0.0118276556821933
0.84984984984985,0.0292751588342544,-0.0117601463242469
0.850850850850851,0.0291074469476958,-0.0116926124713554
0.851851851851852,0.0289394877860517,-0.0116250540107125
0.852852852852853,0.0287712812347679,-0.0115574708277643
0.853853853853854,0.0286028271775437,-0.0114898628062098
0.854854854854855,0.0284341254963328,-0.0114222298280029
0.855855855855856,0.0282651760713453,-0.0113545717733536
0.856856856856857,0.0280959787810478,-0.0112868885207285
0.857857857857858,0.0279265335021659,-0.0112191799468533
0.858858858858859,0.0277568401096846,-0.0111514459267129
0.85985985985986,0.0275868984768499,-0.0110836863335532
0.860860860860861,0.0274167084751697,-0.0110159010388823
0.861861861861862,0.0272462699744155,-0.0109480899124716
0.862862862862863,0.0270755828426233,-0.0108802528223572
0.863863863863864,0.0269046469460947,-0.0108123896348406
0.864864864864865,0.0267334621493987,-0.0107445002144909
0.865865865865866,0.0265620283153722,-0.0106765844241447
0.866866866866867,0.0263903453051215,-0.0106086421249087
0.867867867867868,0.0262184129780234,-0.0105406731761594
0.868868868868869,0.0260462311917267,-0.0104726774355459
0.86986986986987,0.0258737998021531,-0.0104046547589896
0.870870870870871,0.0257011186634983,-0.0103366050006863
0.871871871871872,0.0255281876282332,-0.010268528013107
0.872872872872873,0.0253550065471056,-0.0102004236469994
0.873873873873874,0.0251815752691403,-0.0101322917513883
0.874874874874875,0.0250078936416413,-0.0100641321735778
0.875875875875876,0.0248339615101924,-0.00999594475915151
0.876876876876877,0.0246597787186584,-0.00992772935197437
0.877877877877878,0.0244853451091863,-0.00985948579419342
0.878878878878879,0.0243106605222065,-0.00979121392623889
0.87987987987988,0.0241357247964336,-0.00972291358682563
0.880880880880881,0.0239605377688682,-0.00965458461295398
0.881881881881882,0.0237850992747972,-0.00958622683991097
0.882882882882883,0.0236094091477954,-0.00951784010127144
0.883883883883884,0.0234334672197267,-0.00944942422889912
0.884884884884885,0.0232572733207446,-0.00938097905294768
0.885885885885886,0.023080827279294,-0.00931250440186204
0.886886886886887,0.022904128922112,-0.00924400010237918
0.887887887887888,0.022727178074229,-0.00917546597952949
0.888888888888889,0.0225499745589694,-0.00910690185663744
0.88988988988989,0.0223725181979534,-0.00903830755532321
0.890890890890891,0.0221948088110976,-0.00896968289550345
0.891891891891892,0.0220168462166162,-0.00890102769539226
0.892892892892893,0.021838630231022,-0.00883234177150252
0.893893893893894,0.0216601606691274,-0.00876362493864663
0.894894894894895,0.0214814373440457,-0.00869487700993779
0.895895895895896,0.0213024600671919,-0.00862609779679115
0.896896896896897,0.0211232286482839,-0.00855728710892453
0.897897897897898,0.0209437428953435,-0.0084884447543597
0.898898898898899,0.0207640026146973,-0.00841957053942325
0.8998998998999,0.0205840076109779,-0.00835066426874787
0.900900900900901,0.0204037576871247,-0.00828172574527299
0.901901901901902,0.0202232526443856,-0.00821275477024631
0.902902902902903,0.0200424922823169,-0.00814375114322427
0.903903903903904,0.0198614763987851,-0.00807471466207344
0.904904904904905,0.019680204789968,-0.00800564512297141
0.905905905905906,0.019498677250355,-0.00793654232040785
0.906906906906907,0.019316893572749,-0.00786740604718539
0.907907907907908,0.0191348535482664,-0.00779823609442059
0.908908908908909,0.018952556966339,-0.00772903225154521
0.90990990990991,0.0187700036147144,-0.00765979430630693
0.910910910910911,0.0185871932794573,-0.00759052204477028
0.911911911911912,0.0184041257449503,-0.00752121525131797
0.912912912912913,0.0182208007938948,-0.0074518737086514
0.913913913913914,0.0180372182073123,-0.00738249719779209
0.914914914914915,0.0178533777645452,-0.00731308549808233
0.915915915915916,0.0176692792432574,-0.00724363838718616
0.916916916916917,0.017484922419436,-0.00717415564109053
0.917917917917918,0.0173003070673915,-0.00710463703410604
0.918918918918919,0.0171154329597591,-0.00703508233886794
0.91991991991992,0.0169302998675,-0.00696549132633731
0.920920920920921,0.0167449075599015,-0.00689586376580152
0.921921921921922,0.0165592558045787,-0.00682619942487566
0.922922922922923,0.0163733443674751,-0.00675649806950319
0.923923923923924,0.0161871730128634,-0.00668675946395692
0.924924924924925,0.0160007415033468,-0.00661698337083993
0.925925925925926,0.0158140495998597,-0.0065471695510866
0.926926926926927,0.0156270970616684,-0.0064773177639634
0.927927927927928,0.0154398836463726,-0.0064074277670699
0.928928928928929,0.0152524091099057,-0.00633749931633949
0.92992992992993,0.015064673206536,-0.00626753216604055
0.930930930930931,0.0148766756888678,-0.00619752606877721
0.931931931931932,0.0146884163078416,-0.00612748077549024
0.932932932932933,0.014499894812736,-0.00605739603545799
0.933933933933934,0.0143111109511677,-0.00598727159629729
0.934934934934935,0.0141220644690928,-0.00591710720396425
0.935935935935936,0.0139327551108077,-0.00584690260275522
0.936936936936937,0.01374318261895,-0.00577665753530775
0.937937937937938,0.013553346734499,-0.00570637174260131
0.938938938938939,0.0133632471967771,-0.00563604496395818
0.93993993993994,0.0131728837434504,-0.00556567693704439
0.940940940940941,0.0129822561105295,-0.00549526739787066
0.941941941941942,0.0127913640323706,-0.00542481608079314
0.942942942942943,0.012600207241676,-0.00535432271851418
0.943943943943944,0.0124087854694954,-0.00528378704208344
0.944944944944945,0.0122170984452265,-0.00521320878089862
0.945945945945946,0.0120251458966157,-0.00514258766270613
0.946946946946947,0.0118329275497595,-0.00507192341360238
0.947947947947948,0.0116404431291044,-0.0050012157580341
0.948948948948949,0.0114476923574488,-0.00493046441879949
0.94994994994995,0.0112546749559434,-0.00485966911704918
0.950950950950951,0.0110613906440914,-0.00478882957228663
0.951951951951952,0.0108678391397504,-0.00471794550236932
0.952952952952953,0.0106740201591328,-0.00464701662350953
0.953953953953954,0.0104799334168062,-0.00457604265027501
0.954954954954955,0.0102855786256948,-0.00450502329558989
0.955955955955956,0.0100909554970799,-0.00443395827073552
0.956956956956957,0.00989606374060086,-0.00436284728535125
0.957957957957958,0.00970090306425596,-0.00429169004743533
0.958958958958959,0.00950547317440296,-0.00422048626334554
0.95995995995996,0.00930977377576021,-0.00414923563780021
0.960960960960961,0.00911380457140707,-0.0040779378738787
0.961961961961962,0.0089175652627851,-0.0040065926730226
0.962962962962963,0.00872105554969868,-0.00393519973503628
0.963963963963964,0.00852427513031583,-0.00386375875808775
0.964964964964965,0.00832722370116885,-0.00379226943870931
0.965965965965966,0.00812990095715546,-0.00372073147179867
0.966966966966967,0.00793230659153912,-0.00364914455061931
0.967967967967968,0.00773444029595024,-0.00357750836680164
0.968968968968969,0.00753630176038662,-0.00350582261034347
0.96996996996997,0.00733789067321457,-0.00343408696961107
0.970970970970971,0.00713920672116926,-0.00336230113133964
0.971971971971972,0.00694024958935589,-0.00329046478063436
0.972972972972973,0.00674101896125022,-0.00321857760097103
0.973973973973974,0.00654151451869948,-0.00314663927419683
0.974974974974975,0.00634173594192276,-0.00307464948053088
0.975975975975976,0.00614168290951242,-0.00300260789856554
0.976976976976977,0.00594135509843428,-0.00293051420526661
0.977977977977978,0.00574075218402856,-0.00285836807597435
0.978978978978979,0.00553987384001072,-0.00278616918440417
0.97997997997998,0.00533871973847214,-0.00271391720264747
0.980980980980981,0.00513728954988077,-0.00264161180117221
0.981981981981982,0.00493558294308193,-0.00256925264882371
0.982982982982983,0.0047335995852992,-0.00249683941282555
0.983983983983984,0.00453133914213492,-0.00242437175878004
0.984984984984985,0.00432880127757105,-0.00235184935066918
0.985985985985986,0.00412598565396988,-0.00227927185085523
0.986986986986987,0.00392289193207486,-0.00220663892008165
0.987987987987988,0.00371951977101098,-0.00213395021747346
0.988988988988989,0.00351586882828602,-0.0020612054005384
0.98998998998999,0.00331193875979077,-0.00198840412516727
0.990990990990991,0.00310772921980001,-0.00191554604563485
0.991991991991992,0.00290323986097332,-0.00184263081460073
0.992992992992993,0.00269847033435545,-0.00176965808310966
0.993993993993994,0.00249342028937736,-0.00169662750059259
0.994994994994995,0.00228808937385672,-0.00162353871486718
0.995995995995996,0.00208247723399883,-0.00155039137213874
0.996996996996997,0.00187658351439697,-0.00147718511700056
0.997997997997998,0.00167040785803341,-0.00140391959243493
0.998998998998999,0.00146394990628015,-0.0013305944398138
1,0.00125720929889931,-0.00125720929889931
